description,pubdate,protein,fat,carbohydrate,energy,alcohol,water
100 GRAND Bar,2020-10-30,2.5,19.3,71.0,468.0,0.0,6.1
3 MUSKETEERS Bar,2020-10-30,2.6,12.8,77.8,436.0,0.0,5.8
3 Musketeers Truffle Crisp Bar,2020-10-30,6.41,28.8,63.2,538.0,0.0,0.18
"Abalone, cooked, NS as to cooking method",2020-10-30,20.4,4.59,7.26,158.0,0.0,65.1
"Abalone, floured or breaded, fried",2020-10-30,18.2,11.4,15.5,242.0,0.0,52.4
"Abalone, steamed or poached",2020-10-30,34.0,1.51,12.0,209.0,0.0,48.5
"Abiyuch, raw",2019-04-01,1.5,0.1,17.6,359.0,0.0,79.9
"Acerola juice, raw",2019-04-01,0.4,0.3,4.8,119.0,0.0,94.3
"Acerola, (west indian cherry), raw",2019-04-01,0.4,0.3,7.69,166.0,0.0,91.4
Acorn stew (Apache),2019-04-01,6.81,3.47,9.22,494.0,0.0,79.8
"Adobo, with noodles",2020-10-30,16.9,7.66,8.16,172.0,0.0,65.2
"Adobo, with rice",2020-10-30,17.7,7.94,8.88,181.0,0.0,63.3
Agave liquid sweetener,2020-10-30,0.09,0.45,76.4,310.0,0.0,22.9
"Agave, cooked (Southwest)",2019-04-01,0.99,0.29,32.0,698.0,0.0,65.4
"Agave, dried (Southwest)",2019-04-01,1.71,0.69,82.0,1771.0,0.0,11.6
"Agave, raw (Southwest)",2019-04-01,0.52,0.15,16.2,354.0,0.0,81.8
"Agutuk, fish with shortening (Alaskan ice cream) (Alaska Native)",2019-04-01,9.0,43.5,10.5,2430.0,0.0,34.0
"Agutuk, fish/berry with seal oil (Alaskan ice cream) (Alaska Native)",2019-04-01,3.4,31.8,13.4,1833.0,0.0,47.3
"Agutuk, meat-caribou (Alaskan ice cream) (Alaska Native)",2019-04-01,21.7,18.6,0.9,1338.0,0.0,55.2
"Air filled fritter or fried puff, without syrup, Puerto Rican style",2020-10-30,6.46,23.8,50.2,435.0,0.0,17.7
"Alcoholic beverage, beer, light",2019-04-01,0.24,0.0,1.64,152.0,3.1,94.9
"Alcoholic beverage, beer, light, BUD LIGHT",2019-04-01,0.25,0.0,1.3,152.0,3.3,95.0
"Alcoholic beverage, beer, light, BUDWEISER SELECT",2019-04-01,0.2,0.0,0.87,145.0,3.4,95.3
"Alcoholic beverage, beer, light, higher alcohol",2019-04-01,0.25,0.0,0.77,237.0,6.0,92.9
"Alcoholic beverage, beer, light, low carb",2019-04-01,0.17,0.0,0.73,139.0,3.3,95.4
"Alcoholic beverage, beer, regular, all",2019-04-01,0.46,0.0,3.55,224.0,3.9,92.0
"Alcoholic beverage, beer, regular, BUDWEISER",2019-04-01,0.36,0.0,2.97,211.0,3.9,92.8
"Alcoholic beverage, creme de menthe, 72 proof",2019-04-01,0.0,0.3,41.6,1921.0,29.8,28.3
"Alcoholic beverage, daiquiri, canned",2019-04-01,0.0,0.0,15.7,648.0,9.6,74.6
"Alcoholic beverage, daiquiri, prepared-from-recipe",2019-04-01,0.06,0.06,6.94,963.0,23.1,69.7
"Alcoholic beverage, distilled, all (gin, rum, vodka, whiskey) 100 proof",2019-04-01,0.0,0.0,0.0,1525.0,42.5,57.5
"Alcoholic beverage, distilled, all (gin, rum, vodka, whiskey) 80 proof",2019-04-01,0.0,0.0,0.0,1198.0,33.4,66.6
"Alcoholic beverage, distilled, all (gin, rum, vodka, whiskey) 86 proof",2019-04-01,0.0,0.0,0.1,1300.0,36.0,63.9
"Alcoholic beverage, distilled, all (gin, rum, vodka, whiskey) 90 proof",2019-04-01,0.0,0.0,0.0,1363.0,37.9,62.1
"Alcoholic beverage, distilled, all (gin, rum, vodka, whiskey) 94 proof",2019-04-01,0.0,0.0,0.0,1425.0,39.7,60.3
"Alcoholic beverage, distilled, rum, 80 proof",2019-04-01,0.0,0.0,0.0,1198.0,33.4,66.6
"Alcoholic beverage, distilled, vodka, 80 proof",2019-04-01,0.0,0.0,0.0,1198.0,33.4,66.6
"Alcoholic beverage, distilled, whiskey, 86 proof",2019-04-01,0.0,0.0,0.1,1300.0,36.0,63.9
"Alcoholic beverage, liqueur, coffee with cream, 34 proof",2019-04-01,2.8,15.7,20.9,1697.0,13.8,46.5
"Alcoholic beverage, liqueur, coffee, 53 proof",2019-04-01,0.1,0.3,46.8,1746.0,21.7,31.0
"Alcoholic beverage, liqueur, coffee, 63 proof",2019-04-01,0.1,0.3,32.2,1598.0,26.0,41.4
"Alcoholic beverage, malt beer, hard lemonade",2019-04-01,0.0,0.0,10.1,352.0,4.0,85.7
"Alcoholic beverage, pina colada, canned",2019-04-01,0.6,7.6,27.6,1229.0,9.0,54.9
"Alcoholic beverage, pina colada, prepared-from-recipe",2019-04-01,0.42,1.88,22.7,902.0,9.9,65.0
"Alcoholic beverage, rice (sake)",2019-04-01,0.5,0.0,5.0,695.0,16.1,78.4
"Alcoholic beverage, tequila sunrise, canned",2019-04-01,0.3,0.1,11.3,570.0,9.4,78.8
"Alcoholic beverage, whiskey sour",2019-04-01,0.0,0.03,13.2,772.0,14.1,72.6
"Alcoholic beverage, whiskey sour, canned",2019-04-01,0.0,0.0,13.4,617.0,9.5,76.9
"Alcoholic beverage, whiskey sour, prepared from item 14028",2019-04-01,0.06,0.06,12.8,791.0,14.5,72.4
"Alcoholic beverage, whiskey sour, prepared with water, whiskey and powder mix",2019-04-01,0.1,0.02,15.8,848.0,14.6,69.2
"Alcoholic beverage, wine, cooking",2019-04-01,0.5,0.0,6.3,259.0,3.3,88.9
"Alcoholic beverage, wine, dessert, dry",2019-04-01,0.2,0.0,11.7,790.0,15.3,72.5
"Alcoholic beverage, wine, dessert, sweet",2019-04-01,0.2,0.0,13.7,831.0,15.3,70.5
"Alcoholic beverage, wine, light",2019-04-01,0.07,0.0,1.17,255.0,6.4,92.2
"Alcoholic beverage, wine, table, all",2019-04-01,0.07,0.0,2.72,430.0,10.4,86.6
"Alcoholic beverage, wine, table, red",2019-04-01,0.07,0.0,2.61,441.0,10.6,86.5
"Alcoholic Beverage, wine, table, red, Barbera",2019-04-01,0.07,0.0,2.79,440.0,10.6,86.3
"Alcoholic Beverage, wine, table, red, Burgundy",2019-04-01,0.07,0.0,3.69,446.0,10.3,85.6
"Alcoholic Beverage, wine, table, red, Cabernet Franc",2019-04-01,0.07,0.0,2.45,432.0,10.6,86.6
"Alcoholic Beverage, wine, table, red, Cabernet Sauvignon",2019-04-01,0.07,0.0,2.6,430.0,10.5,86.6
"Alcoholic Beverage, wine, table, red, Carignane",2019-04-01,0.07,0.0,2.4,385.0,9.3,87.9
"Alcoholic Beverage, wine, table, red, Claret",2019-04-01,0.07,0.0,3.01,431.0,10.2,86.4
"Alcoholic Beverage, wine, table, red, Gamay",2019-04-01,0.07,0.0,2.38,404.0,9.8,87.5
"Alcoholic Beverage, wine, table, red, Lemberger",2019-04-01,0.07,0.0,2.46,417.0,10.2,87.0
"Alcoholic Beverage, wine, table, red, Merlot",2019-04-01,0.07,0.0,2.51,431.0,10.6,86.6
"Alcoholic Beverage, wine, table, red, Mouvedre",2019-04-01,0.07,0.0,2.64,457.0,11.2,85.8
"Alcoholic Beverage, wine, table, red, Petite Sirah",2019-04-01,0.07,0.0,2.68,441.0,10.7,86.2
"Alcoholic Beverage, wine, table, red, Pinot Noir",2019-04-01,0.07,0.0,2.31,423.0,10.4,86.9
"Alcoholic Beverage, wine, table, red, Sangiovese",2019-04-01,0.07,0.0,2.62,445.0,10.9,86.2
"Alcoholic Beverage, wine, table, red, Syrah",2019-04-01,0.07,0.0,2.58,431.0,10.5,86.5
"Alcoholic Beverage, wine, table, red, Zinfandel",2019-04-01,0.07,0.0,2.86,457.0,11.1,85.7
"Alcoholic beverage, wine, table, white",2019-04-01,0.07,0.0,2.6,424.0,10.3,86.9
"Alcoholic beverage, wine, table, white, Chardonnay",2019-04-01,0.07,0.0,2.16,435.0,10.7,86.8
"Alcoholic beverage, wine, table, white, Chenin Blanc",2019-04-01,0.07,0.0,3.31,414.0,9.6,86.8
"Alcoholic beverage, wine, table, white, Fume Blanc",2019-04-01,0.07,0.0,2.27,425.0,10.5,87.0
"Alcoholic beverage, wine, table, white, Gewurztraminer",2019-04-01,0.07,0.0,2.6,418.0,10.1,87.0
"Alcoholic beverage, wine, table, white, late harvest",2019-04-01,0.07,0.0,13.4,579.0,8.5,77.8
"Alcoholic beverage, wine, table, white, late harvest, Gewurztraminer",2019-04-01,0.07,0.0,11.4,559.0,8.9,79.4
"Alcoholic beverage, wine, table, white, Muller Thurgau",2019-04-01,0.07,0.0,3.48,395.0,9.0,87.3
"Alcoholic beverage, wine, table, white, Muscat",2019-04-01,0.07,0.0,5.23,424.0,8.8,85.7
"Alcoholic beverage, wine, table, white, Pinot Blanc",2019-04-01,0.07,0.0,1.94,421.0,10.6,87.1
"Alcoholic beverage, wine, table, white, Pinot Gris (Grigio)",2019-04-01,0.07,0.0,2.06,429.0,10.7,87.0
"Alcoholic beverage, wine, table, white, Riesling",2019-04-01,0.07,0.0,3.74,417.0,9.5,86.6
"Alcoholic beverage, wine, table, white, Sauvignon Blanc",2019-04-01,0.07,0.0,2.05,421.0,10.5,87.2
"Alcoholic beverage, wine, table, white, Semillon",2019-04-01,0.07,0.0,3.12,426.0,10.1,86.5
"Alcoholic beverages, beer, higher alcohol",2019-04-01,0.9,0.0,0.27,301.0,7.7,91.0
"Alcoholic beverages, wine, rose",2019-04-01,0.36,0.0,3.8,431.0,9.6,86.4
Alcoholic malt beverage,2020-10-30,0.9,0.0,0.27,58.0,7.7,91.0
"Alcoholic malt beverage, higher alcohol, sweetened",2020-10-30,0.0,0.0,8.86,88.0,7.5,83.4
"Alcoholic malt beverage, sweetened",2020-10-30,0.0,0.0,10.1,68.0,4.0,85.7
Alexander,2020-10-30,1.05,3.83,18.9,238.0,18.2,57.8
"Alfalfa seeds, sprouted, raw",2019-04-01,3.99,0.69,2.1,119.0,0.0,92.8
"Alfalfa sprouts, raw",2020-10-30,3.99,0.69,2.1,23.0,0.0,92.8
Alfredo sauce,2020-10-30,2.37,15.1,1.48,149.0,0.0,79.3
Alfredo sauce with added vegetables,2020-10-30,2.28,11.6,2.32,120.0,0.0,82.2
Alfredo sauce with meat,2020-10-30,6.72,15.4,1.2,170.0,0.0,75.0
Alfredo sauce with meat and added vegetables,2020-10-30,6.64,12.6,1.88,146.0,0.0,77.4
Alfredo sauce with poultry,2020-10-30,7.1,13.6,1.2,153.0,0.0,76.5
Alfredo sauce with poultry and added vegetables,2020-10-30,7.03,10.8,1.88,130.0,0.0,79.0
Alfredo sauce with seafood,2020-10-30,6.11,12.6,1.76,144.0,0.0,77.6
Alfredo sauce with seafood and added vegetables,2020-10-30,6.04,9.74,2.43,120.0,0.0,80.0
Almond butter,2020-10-30,21.0,55.5,18.8,614.0,0.0,1.64
"Almond butter, lower sodium",2020-10-30,21.0,55.5,18.8,614.0,0.0,1.64
Almond chicken,2020-10-30,16.1,13.3,4.69,197.0,0.0,64.6
"Almond milk, sweetened",2020-10-30,0.38,0.93,5.24,30.0,0.0,92.7
"Almond milk, sweetened, chocolate",2020-10-30,0.43,0.95,8.34,41.0,0.0,89.5
"Almond milk, unsweetened",2020-10-30,0.4,0.96,1.31,15.0,0.0,96.5
"Almond milk, unsweetened, chocolate",2020-10-30,0.46,1.0,1.48,16.0,0.0,96.3
"Almond milk, unsweetened, plain, shelf stable",2021-04-28,0.555,1.22,0.337,0.0,0.0,97.4
Almond oil,2020-10-30,0.0,100.0,0.0,884.0,0.0,0.0
Almond paste,2020-10-30,9.0,27.7,47.8,458.0,0.0,14.1
"Almonds, chocolate covered",2020-10-30,17.1,43.8,32.9,566.0,0.0,3.54
"Almonds, flavored",2020-10-30,20.1,53.3,20.1,599.0,0.0,2.31
"Almonds, honey roasted",2020-10-30,14.1,45.3,35.8,574.0,0.0,1.63
"Almonds, lightly salted",2020-10-30,20.2,53.7,20.3,604.0,0.0,2.33
"Almonds, NFS",2020-10-30,21.0,52.5,21.0,598.0,0.0,2.41
"Almonds, salted",2020-10-30,20.1,53.4,20.2,601.0,0.0,2.32
"Almonds, sugar-coated",2020-10-30,10.0,17.9,68.3,465.0,0.0,2.3
"Almonds, unroasted",2020-10-30,21.2,49.9,21.6,579.0,0.0,4.41
"Almonds, unsalted",2020-10-30,20.3,54.0,20.4,607.0,0.0,2.34
"Almonds, yogurt-covered",2020-10-30,12.8,37.3,44.9,548.0,0.0,3.04
Aloe vera juice drink,2020-10-30,0.0,0.0,3.75,15.0,0.0,96.2
"Amaranth grain, cooked",2019-04-01,3.8,1.58,18.7,531.0,0.0,75.2
"Amaranth grain, uncooked",2019-04-01,13.6,7.02,65.2,1921.0,0.0,11.3
"Amaranth leaves, cooked, boiled, drained, with salt",2019-04-01,2.11,0.18,4.11,109.0,0.0,91.5
"Amaranth leaves, cooked, boiled, drained, without salt",2019-04-01,2.11,0.18,4.11,109.0,0.0,91.5
"Amaranth leaves, raw",2019-04-01,2.46,0.33,4.02,120.0,0.0,91.7
Ambrosia,2020-10-30,0.9,0.96,16.2,70.0,0.0,81.5
"Anchovy, canned",2020-10-30,28.9,9.71,0.0,210.0,0.0,50.3
"Anchovy, cooked, NS as to cooking method",2020-10-30,28.9,9.71,0.0,210.0,0.0,50.3
"Andrea's, Gluten Free Soft Dinner Roll",2019-04-01,5.65,8.2,40.2,1337.0,0.0,44.6
Animal fat or drippings,2020-10-30,2.23,92.2,0.0,841.0,0.0,3.91
"Animal fat, bacon grease",2019-04-01,0.0,99.5,0.0,4647.0,0.0,0.0
Anisette toast,2020-10-30,10.1,9.7,74.2,426.0,0.0,4.5
"Antipasto with ham, fish, cheese, vegetables",2020-10-30,11.6,10.7,3.88,158.0,0.0,70.6
Apple cider,2020-10-30,0.1,0.13,11.3,46.0,0.0,88.2
"Apple juice beverage, 40-50% juice, light",2020-10-30,0.0,0.1,5.1,22.0,0.0,94.8
"Apple juice, 100%",2020-10-30,0.1,0.13,11.3,46.0,0.0,88.2
"Apple juice, 100%, with calcium added",2020-10-30,0.12,0.17,11.5,48.0,0.0,87.9
"Apple juice, baby food",2020-10-30,0.0,0.1,11.7,47.0,0.0,88.0
"Apple juice, canned or bottled, unsweetened, with added ascorbic acid",2019-04-01,0.1,0.13,11.3,237.0,0.0,88.2
"Apple juice, canned or bottled, unsweetened, with added ascorbic acid, calcium, and potassium",2019-04-01,0.12,0.17,11.5,249.0,0.0,87.9
"Apple juice, canned or bottled, unsweetened, without added ascorbic acid",2019-04-01,0.1,0.13,11.3,237.0,0.0,88.2
"Apple juice, frozen concentrate, unsweetened, diluted with 3 volume water without added ascorbic acid",2019-04-01,0.14,0.1,11.5,244.0,0.0,87.9
"Apple juice, frozen concentrate, unsweetened, diluted with 3 volume water, with added ascorbic acid",2019-04-01,0.14,0.1,11.5,244.0,0.0,87.9
"Apple juice, frozen concentrate, unsweetened, undiluted, with added ascorbic acid",2019-04-01,0.51,0.37,41.0,861.0,0.0,57.0
"Apple juice, frozen concentrate, unsweetened, undiluted, without added ascorbic acid",2019-04-01,0.51,0.37,41.0,861.0,0.0,57.0
"Apple juice, with added calcium, baby food",2020-10-30,0.06,0.1,11.1,46.0,0.0,88.3
Apple pie filling,2020-10-30,0.1,0.1,26.1,100.0,0.0,73.4
Apple salad with dressing,2020-10-30,1.48,13.9,12.2,172.0,0.0,71.8
"Apple yogurt dessert, baby food, strained",2020-10-30,0.8,1.6,19.5,93.0,0.0,77.9
"Apple, baked",2020-10-30,0.32,3.04,22.7,112.0,0.0,73.6
"Apple, candied",2020-10-30,1.34,2.15,29.6,134.0,0.0,66.3
"Apple, dried",2020-10-30,0.93,0.32,65.9,243.0,0.0,31.8
"Apple, raw",2020-10-30,0.26,0.17,13.8,52.0,0.0,85.6
"Apple-banana juice, baby food",2020-10-30,0.2,0.1,12.3,51.0,0.0,87.1
"Apple-cherry juice, baby food",2020-10-30,0.2,0.1,11.2,47.0,0.0,88.2
"Apple-fruit juice blend, baby food",2020-10-30,0.2,0.1,18.1,72.0,0.0,81.3
"Apple-grape juice, baby food",2020-10-30,0.1,0.2,11.3,46.0,0.0,88.1
"Apple-peach juice, baby food",2020-10-30,0.2,0.1,10.5,43.0,0.0,89.0
"Apple-prune juice, baby food",2020-10-30,0.2,0.1,18.1,72.0,0.0,81.3
"Apple-raspberry, baby food, junior",2020-10-30,0.2,0.2,16.0,60.0,0.0,83.4
"Apple-raspberry, baby food, NS as to strained or junior",2020-10-30,0.2,0.2,16.0,60.0,0.0,83.4
"Apple-raspberry, baby food, strained",2020-10-30,0.2,0.2,15.6,58.0,0.0,83.8
"Apple-sweet potato juice, baby food",2020-10-30,0.3,0.1,11.4,47.0,0.0,87.9
"APPLEBEE'S, 9 oz house sirloin steak",2019-04-01,26.8,9.08,0.0,980.0,0.0,61.9
"APPLEBEE'S, chicken tenders platter",2019-04-01,19.6,16.2,18.0,1537.0,0.0,43.4
"APPLEBEE'S, chicken tenders, from kids' menu",2019-04-01,19.2,16.2,18.4,1536.0,0.0,43.4
"APPLEBEE'S, chili",2019-04-01,12.6,9.79,4.57,813.0,0.0,71.3
"APPLEBEE'S, coleslaw",2019-04-01,0.79,7.09,13.2,621.0,0.0,78.2
"APPLEBEE'S, crunchy onion rings",2019-04-01,4.58,19.6,40.2,1846.0,0.0,33.1
"APPLEBEE'S, Double Crunch Shrimp",2019-04-01,12.3,18.9,26.0,1673.0,0.0,40.1
"APPLEBEE'S, fish, hand battered",2019-04-01,13.2,9.14,16.6,1046.0,0.0,58.8
"APPLEBEE'S, french fries",2019-04-01,3.31,13.2,39.5,1500.0,0.0,41.3
"APPLEBEE'S, KRAFT, Macaroni & Cheese, from kid's menu",2019-04-01,5.01,4.34,21.1,743.0,0.0,68.3
"APPLEBEE'S, mozzarella sticks",2019-04-01,14.9,18.4,22.9,1636.0,0.0,40.6
"Apples and chicken, baby food, strained",2020-10-30,2.16,1.38,10.9,65.0,0.0,85.4
"Apples and pears, baby food, junior",2020-10-30,0.15,0.05,11.0,40.0,0.0,88.6
"Apples and pears, baby food, NS as to strained or junior",2020-10-30,0.2,0.12,10.9,41.0,0.0,88.6
"Apples and pears, baby food, strained",2020-10-30,0.25,0.2,10.8,42.0,0.0,88.5
"Apples and sweet potatoes, baby food, strained",2020-10-30,0.3,0.22,15.3,64.0,0.0,84.0
"Apples with ham, baby food, strained",2020-10-30,2.6,0.9,10.9,62.0,0.0,85.3
"Apples, baby food, toddler",2020-10-30,0.19,0.36,11.6,50.0,0.0,87.7
"Apples, canned, sweetened, sliced, drained, heated",2019-04-01,0.18,0.43,16.8,347.0,0.0,82.3
"Apples, dehydrated (low moisture), sulfured, stewed",2019-04-01,0.28,0.12,19.9,384.0,0.0,79.4
"Apples, dehydrated (low moisture), sulfured, uncooked",2019-04-01,1.32,0.58,93.5,1796.0,0.0,3.0
"Apples, dried, sulfured, stewed, with added sugar",2019-04-01,0.2,0.07,20.7,430.0,0.0,78.8
"Apples, dried, sulfured, stewed, without added sugar",2019-04-01,0.22,0.07,15.3,295.0,0.0,84.1
"Apples, dried, sulfured, uncooked",2019-04-01,0.93,0.32,65.9,1263.0,0.0,31.8
"Apples, frozen, unsweetened, heated (Includes foods for USDA's Food Distribution Program)",2019-04-01,0.29,0.33,12.0,244.0,0.0,87.2
"Apples, frozen, unsweetened, unheated (Includes foods for USDA's Food Distribution Program)",2019-04-01,0.28,0.32,12.3,249.0,0.0,86.8
"Apples, fuji, with skin, raw",2020-10-30,0.148,0.162,15.7,0.0,0.0,83.6
"Apples, gala, with skin, raw",2020-10-30,0.133,0.15,14.8,0.0,0.0,84.6
"Apples, granny smith, with skin, raw",2020-10-30,0.266,0.138,14.1,0.0,0.0,85.1
"Apples, honeycrisp, with skin, raw",2020-10-30,0.102,0.1,14.7,0.0,0.0,85.0
"Apples, raw, fuji, with skin (Includes foods for USDA's Food Distribution Program)",2019-04-01,0.2,0.18,15.2,328.0,0.0,84.2
"Apples, raw, gala, with skin (Includes foods for USDA's Food Distribution Program)",2019-04-01,0.25,0.12,13.7,294.0,0.0,85.8
"Apples, raw, golden delicious, with skin",2019-04-01,0.28,0.15,13.6,295.0,0.0,85.8
"Apples, raw, granny smith, with skin (Includes foods for USDA's Food Distribution Program)",2019-04-01,0.44,0.19,13.6,300.0,0.0,85.5
"Apples, raw, red delicious, with skin (Includes foods for USDA's Food Distribution Program)",2019-04-01,0.27,0.2,14.1,306.0,0.0,85.3
"Apples, raw, with skin (Includes foods for USDA's Food Distribution Program)",2019-04-01,0.26,0.17,13.8,270.0,0.0,85.6
"Apples, raw, without skin",2019-04-01,0.27,0.13,12.8,248.0,0.0,86.7
"Apples, raw, without skin, cooked, boiled",2019-04-01,0.26,0.36,13.6,275.0,0.0,85.5
"Apples, raw, without skin, cooked, microwave",2019-04-01,0.28,0.42,14.4,290.0,0.0,84.6
"Apples, red delicious, with skin, raw",2020-10-30,0.188,0.212,14.8,0.0,0.0,84.7
"Applesauce and apricots, baby food, junior",2020-10-30,0.2,0.2,12.4,47.0,0.0,86.9
"Applesauce and apricots, baby food, NS as to strained or junior",2020-10-30,0.2,0.2,12.0,46.0,0.0,87.3
"Applesauce and apricots, baby food, strained",2020-10-30,0.2,0.2,11.6,44.0,0.0,87.7
"Applesauce with bananas, baby food, junior",2020-10-30,0.37,0.1,16.2,66.0,0.0,83.1
"Applesauce with bananas, baby food, NS as to strained or junior",2020-10-30,0.37,0.1,16.2,66.0,0.0,83.1
"Applesauce with bananas, baby food, strained",2020-10-30,0.37,0.1,16.2,66.0,0.0,83.1
"Applesauce with cherries, baby food, junior",2020-10-30,0.0,0.0,14.1,51.0,0.0,85.6
"Applesauce with cherries, baby food, NS as to strained or junior",2020-10-30,0.0,0.0,14.1,51.0,0.0,85.6
"Applesauce with cherries, baby food, strained",2020-10-30,0.0,0.0,14.1,51.0,0.0,85.6
"Applesauce, baby food, junior",2020-10-30,0.0,0.0,10.3,37.0,0.0,89.5
"Applesauce, baby food, NS as to strained or junior",2020-10-30,0.1,0.1,10.6,39.0,0.0,89.0
"Applesauce, baby food, strained",2020-10-30,0.2,0.2,10.8,41.0,0.0,88.6
"Applesauce, canned, sweetened, with salt",2019-04-01,0.18,0.18,19.9,394.0,0.0,79.6
"Applesauce, canned, sweetened, without salt",2019-04-01,0.16,0.17,17.5,351.0,0.0,82.0
"Applesauce, canned, unsweetened, with added ascorbic acid",2019-04-01,0.17,0.1,11.3,218.0,0.0,88.2
"Applesauce, canned, unsweetened, without added ascorbic acid (Includes foods for USDA's Food Distribution Program)",2019-04-01,0.17,0.1,11.3,218.0,0.0,88.2
"Applesauce, flavored",2020-10-30,0.16,0.17,17.5,68.0,0.0,82.0
"Applesauce, regular",2020-10-30,0.16,0.17,17.5,68.0,0.0,82.0
"Applesauce, unsweetened",2020-10-30,0.17,0.1,11.3,42.0,0.0,88.2
Apricot nectar,2020-10-30,0.17,0.45,13.6,56.0,0.0,85.6
"Apricot nectar, canned, with added ascorbic acid",2019-04-01,0.17,0.45,13.6,290.0,0.0,85.6
"Apricot, canned",2020-10-30,0.65,0.17,13.8,56.0,0.0,85.0
"Apricot, dried",2020-10-30,3.39,0.51,62.6,241.0,0.0,30.9
"Apricot, raw",2020-10-30,1.4,0.39,11.1,48.0,0.0,86.4
"Apricots, baby food, junior",2020-10-30,0.3,0.0,17.3,63.0,0.0,82.1
"Apricots, baby food, NS as to strained or junior",2020-10-30,0.3,0.0,16.8,62.0,0.0,82.6
"Apricots, baby food, strained",2020-10-30,0.3,0.0,16.3,60.0,0.0,83.1
"Apricots, canned, extra heavy syrup pack, without skin, solids and liquids",2019-04-01,0.55,0.04,24.8,498.0,0.0,74.3
"Apricots, canned, extra light syrup pack, with skin, solids and liquids (Includes foods for USDA's Food Distribution Program)",2019-04-01,0.6,0.1,12.5,254.0,0.0,86.3
"Apricots, canned, heavy syrup pack, with skin, solids and liquids",2019-04-01,0.53,0.08,21.5,430.0,0.0,77.6
"Apricots, canned, heavy syrup pack, without skin, solids and liquids",2019-04-01,0.51,0.09,21.4,430.0,0.0,77.7
"Apricots, canned, heavy syrup, drained",2019-04-01,0.64,0.11,21.3,430.0,0.0,77.6
"Apricots, canned, juice pack, with skin, solids and liquids",2019-04-01,0.63,0.04,12.3,249.0,0.0,86.6
"Apricots, canned, light syrup pack, with skin, solids and liquids",2019-04-01,0.53,0.05,16.5,327.0,0.0,82.6
"Apricots, canned, water pack, with skin, solids and liquids",2019-04-01,0.71,0.16,6.39,140.0,0.0,92.4
"Apricots, canned, water pack, without skin, solids and liquids",2019-04-01,0.69,0.03,5.48,114.0,0.0,93.4
"Apricots, dehydrated (low-moisture), sulfured, stewed",2019-04-01,1.93,0.24,32.6,653.0,0.0,63.6
"Apricots, dehydrated (low-moisture), sulfured, uncooked",2019-04-01,4.9,0.62,82.9,1660.0,0.0,7.5
"Apricots, dried, sulfured, stewed, with added sugar",2019-04-01,1.17,0.15,29.3,586.0,0.0,68.4
"Apricots, dried, sulfured, stewed, without added sugar",2019-04-01,1.2,0.18,22.2,442.0,0.0,75.6
"Apricots, dried, sulfured, uncooked",2019-04-01,3.39,0.51,62.6,1251.0,0.0,30.9
"Apricots, frozen, sweetened",2019-04-01,0.7,0.1,25.1,508.0,0.0,73.3
"Apricots, raw",2019-04-01,1.4,0.39,11.1,249.0,0.0,86.4
"ARBY'S, roast beef sandwich, classic",2019-04-01,15.2,10.3,22.2,1252.0,0.0,49.9
"Archway Home Style Cookies, Chocolate Chip Ice Box",2019-04-01,4.28,24.4,65.0,2577.0,0.0,5.01
"Archway Home Style Cookies, Coconut Macaroon",2019-04-01,3.02,22.6,61.2,2380.0,0.0,11.5
"Archway Home Style Cookies, Date Filled Oatmeal",2019-04-01,4.67,12.0,68.2,2070.0,0.0,13.5
"Archway Home Style Cookies, Dutch Cocoa",2019-04-01,4.5,15.0,69.4,2231.0,0.0,9.32
"Archway Home Style Cookies, Frosty Lemon",2019-04-01,4.41,17.1,64.8,2230.0,0.0,12.0
"Archway Home Style Cookies, Iced Molasses",2019-04-01,3.5,14.4,69.1,2180.0,0.0,10.3
"Archway Home Style Cookies, Iced Oatmeal",2019-04-01,4.89,16.5,66.8,2255.0,0.0,9.99
"Archway Home Style Cookies, Molasses",2019-04-01,4.25,12.1,69.4,2093.0,0.0,11.4
"Archway Home Style Cookies, Oatmeal",2019-04-01,5.48,14.1,68.2,2181.0,0.0,10.3
"Archway Home Style Cookies, Oatmeal Raisin",2019-04-01,5.17,12.1,69.3,2106.0,0.0,11.5
"Archway Home Style Cookies, Old Fashioned Molasses",2019-04-01,4.27,11.8,70.6,2106.0,0.0,10.4
"Archway Home Style Cookies, Old Fashioned Windmill Cookies",2019-04-01,5.17,17.6,72.2,2428.0,0.0,3.0
"Archway Home Style Cookies, Peanut Butter",2019-04-01,9.0,24.3,58.5,2490.0,0.0,6.35
"Archway Home Style Cookies, Raspberry Filled",2019-04-01,4.35,13.3,65.9,2080.0,0.0,15.0
"Archway Home Style Cookies, Reduced Fat Ginger Snaps",2019-04-01,4.67,11.1,76.2,2194.0,0.0,5.22
"Archway Home Style Cookies, Strawberry Filled",2019-04-01,4.35,13.3,65.9,2080.0,0.0,15.0
"Archway Home Style Cookies, Sugar Free Oatmeal",2019-04-01,5.54,20.9,67.2,2292.0,0.0,5.0
Arepa Dominicana,2020-10-30,5.68,13.9,30.4,267.0,0.0,48.0
"Armadillo, cooked",2020-10-30,28.2,4.36,0.0,159.0,0.0,63.6
"Arrowhead, cooked, boiled, drained, with salt",2019-04-01,4.49,0.1,16.1,404.0,0.0,77.1
"Arrowhead, cooked, boiled, drained, without salt",2019-04-01,4.49,0.1,16.1,404.0,0.0,77.1
"Arrowhead, raw",2019-04-01,5.33,0.29,20.2,513.0,0.0,72.5
Arrowroot flour,2019-04-01,0.3,0.1,88.2,1847.0,0.0,11.4
"Arrowroot, raw",2019-04-01,4.24,0.2,13.4,336.0,0.0,80.8
Artichoke dip,2020-10-30,3.65,33.1,5.47,331.0,0.0,55.6
"Artichoke, canned, cooked, fat added",2020-10-30,2.81,2.87,11.6,74.0,0.0,81.7
"Artichoke, canned, cooked, no added fat",2020-10-30,2.88,0.34,11.9,53.0,0.0,83.8
"Artichoke, fresh, cooked, fat added",2020-10-30,2.81,2.87,11.6,74.0,0.0,81.7
"Artichoke, fresh, cooked, no added fat",2020-10-30,2.88,0.34,11.9,53.0,0.0,83.8
"Artichoke, frozen, cooked, fat added",2020-10-30,2.81,2.87,11.6,74.0,0.0,81.7
"Artichoke, frozen, cooked, no added fat",2020-10-30,2.88,0.34,11.9,53.0,0.0,83.8
"Artichoke, raw",2020-10-30,2.89,0.34,12.0,53.0,0.0,84.1
"Artichokes, (globe or french), cooked, boiled, drained, with salt",2019-04-01,2.89,0.34,11.4,262.0,0.0,84.1
"Artichokes, (globe or french), cooked, boiled, drained, without salt",2019-04-01,2.89,0.34,12.0,273.0,0.0,84.1
"Artichokes, (globe or french), frozen, cooked, boiled, drained, with salt",2019-04-01,3.11,0.5,9.18,233.0,0.0,86.5
"Artichokes, (globe or french), frozen, cooked, boiled, drained, without salt",2019-04-01,3.11,0.5,9.18,233.0,0.0,86.5
"Artichokes, (globe or french), frozen, unprepared",2019-04-01,2.63,0.43,7.75,196.0,0.0,88.6
"Artichokes, (globe or french), raw",2019-04-01,3.27,0.15,10.5,244.0,0.0,84.9
"Artichokes, NS as to form, cooked",2020-10-30,2.81,2.87,11.6,74.0,0.0,81.7
"Artichokes, stuffed",2020-10-30,5.34,5.94,22.2,160.0,0.0,64.8
"Artificial Blueberry Muffin Mix, dry",2019-04-01,4.7,8.7,77.4,2107.0,0.0,6.4
"Arugula, raw",2019-04-01,2.58,0.66,3.65,130.0,0.0,91.7
Ascidians (tunughnak) (Alaska Native),2019-04-01,3.8,0.5,0.0,102.0,0.0,90.4
"Asian chicken or turkey garden salad with crispy noodles, chicken and/or turkey, lettuce, fruit, nuts, crispy noodles, no dressing",2020-10-30,10.4,5.27,7.91,114.0,0.0,75.5
"Asian chicken or turkey garden salad, chicken and/or turkey, lettuce, fruit, nuts, no dressing",2020-10-30,11.5,5.4,9.42,126.0,0.0,72.8
"Asian stir fry vegetables, cooked, fat added",2020-10-30,2.09,2.82,9.55,67.0,0.0,84.5
"Asian stir fry vegetables, cooked, no added fat",2020-10-30,2.14,0.28,9.83,46.0,0.0,86.7
"Asparagus soup, cream of, NS as to made with milk or water",2020-10-30,2.58,2.63,6.7,60.0,0.0,86.5
"Asparagus soup, cream of, prepared with milk",2020-10-30,2.58,2.63,6.7,60.0,0.0,86.5
"Asparagus soup, cream of, prepared with water",2020-10-30,0.93,1.66,4.34,35.0,0.0,91.8
"Asparagus, canned, cooked with butter or margarine",2020-10-30,2.09,2.81,2.4,38.0,0.0,91.9
"Asparagus, canned, cooked with oil",2020-10-30,2.08,3.54,2.39,44.0,0.0,91.2
"Asparagus, canned, cooked, fat added, NS as to fat type",2020-10-30,2.09,3.18,2.39,41.0,0.0,91.6
"Asparagus, canned, cooked, no added fat",2020-10-30,2.14,0.65,2.46,19.0,0.0,94.0
"Asparagus, canned, drained solids",2019-04-01,2.14,0.65,2.46,100.0,0.0,94.0
"Asparagus, canned, no salt added, solids and liquids",2019-04-01,1.8,0.18,2.48,77.0,0.0,94.3
"Asparagus, canned, regular pack, solids and liquids",2019-04-01,1.8,0.18,2.48,77.0,0.0,94.3
"Asparagus, cooked, boiled, drained",2019-04-01,2.4,0.22,4.11,116.0,0.0,92.6
"Asparagus, cooked, boiled, drained, with salt",2019-04-01,2.4,0.22,4.11,116.0,0.0,92.6
"Asparagus, fresh, cooked with butter or margarine",2020-10-30,2.31,2.46,4.05,41.0,0.0,90.2
"Asparagus, fresh, cooked with oil",2020-10-30,2.29,3.25,4.04,48.0,0.0,89.5
"Asparagus, fresh, cooked, fat added, NS as to fat type",2020-10-30,2.3,2.85,4.04,45.0,0.0,89.9
"Asparagus, fresh, cooked, no added fat",2020-10-30,2.36,0.13,4.16,21.0,0.0,92.4
"Asparagus, frozen, cooked with butter or margarine",2020-10-30,2.87,2.58,1.87,37.0,0.0,91.8
"Asparagus, frozen, cooked with oil",2020-10-30,2.86,3.31,1.86,43.0,0.0,91.1
"Asparagus, frozen, cooked, boiled, drained, with salt",2019-04-01,2.95,0.42,1.92,92.0,0.0,94.1
"Asparagus, frozen, cooked, boiled, drained, without salt",2019-04-01,2.95,0.42,1.92,92.0,0.0,94.1
"Asparagus, frozen, cooked, fat added, NS as to fat type",2020-10-30,2.86,2.94,1.86,40.0,0.0,91.4
"Asparagus, frozen, cooked, no added fat",2020-10-30,2.94,0.42,1.91,18.0,0.0,93.8
"Asparagus, frozen, unprepared",2019-04-01,3.23,0.23,4.1,124.0,0.0,91.8
"Asparagus, NS as to form, cooked",2020-10-30,2.3,2.85,4.04,45.0,0.0,89.9
"Asparagus, raw",2019-04-01,2.2,0.12,3.88,105.0,0.0,93.2
"Asparagus, raw",2020-10-30,2.2,0.12,3.88,20.0,0.0,93.2
AtPDS overexpression in tomato: exposing unique patterns of carotenoid self‚Äêregulation and an alternative strategy for the enhancement of fruit carotenoid content,2021-04-23,0.0,0.0,0.0,0.0,0.0,0.0
Avocado dressing,2020-10-30,1.9,43.3,7.36,427.0,0.0,45.0
"Avocado, for use on a sandwich",2020-10-30,2.0,14.7,8.53,160.0,0.0,73.2
"Avocado, raw",2020-10-30,2.0,14.7,8.53,160.0,0.0,73.2
"Avocados, raw, all commercial varieties",2019-04-01,2.0,14.7,8.53,830.0,0.0,73.2
"Avocados, raw, California",2019-04-01,1.96,15.4,8.64,864.0,0.0,72.3
"Avocados, raw, Florida",2019-04-01,2.23,10.1,7.82,621.0,0.0,78.8
Baby Ruth,2020-10-30,5.4,21.6,64.8,475.0,0.0,6.99
"Babyfood, apple yogurt dessert, strained",2019-04-01,0.8,1.6,19.5,482.0,0.0,77.9
"Babyfood, apple-banana juice",2019-04-01,0.2,0.1,12.3,264.0,0.0,87.1
"Babyfood, apples with ham, strained",2019-04-01,2.6,0.9,10.9,321.0,0.0,85.3
"Babyfood, apples, dices, toddler",2019-04-01,0.19,0.36,11.6,260.0,0.0,87.7
"Babyfood, Baby MUM MUM Rice Biscuits",2019-04-01,12.5,0.87,83.2,2031.0,0.0,2.42
"Babyfood, baked product, finger snacks cereal fortified",2019-04-01,6.4,9.9,76.7,2181.0,0.0,3.7
"Babyfood, banana apple dessert, strained",2019-04-01,0.3,0.2,16.3,353.0,0.0,83.1
"Babyfood, banana juice with low fat yogurt",2019-04-01,2.5,0.8,17.5,444.0,0.0,78.5
"Babyfood, banana no tapioca, strained",2019-04-01,1.0,0.2,21.3,472.0,0.0,76.7
"Babyfood, banana with mixed berries, strained",2019-04-01,1.01,0.36,21.3,477.0,0.0,76.7
"Babyfood, beverage, GERBER, GRADUATES, FRUIT SPLASHERS",2019-04-01,0.0,0.0,7.35,152.0,0.0,92.5
"Babyfood, carrots and beef, strained",2019-04-01,3.4,2.5,5.7,306.0,0.0,87.3
"Babyfood, carrots, toddler",2019-04-01,0.6,0.3,5.23,111.0,0.0,93.5
"Babyfood, cereal, barley, dry fortified",2019-04-01,13.2,6.6,69.4,1946.0,0.0,6.8
"Babyfood, cereal, barley, prepared with whole milk",2019-04-01,3.73,3.26,9.94,436.0,0.0,82.2
"Babyfood, cereal, brown rice, dry, instant",2019-04-01,8.7,3.0,86.0,2106.0,0.0,1.0
"Babyfood, cereal, egg yolks and bacon, junior",2019-04-01,2.5,5.0,6.2,410.0,0.0,85.9
"Babyfood, cereal, high protein, prepared with whole milk",2019-04-01,8.7,3.8,11.6,575.0,0.0,74.5
"Babyfood, cereal, high protein, with apple and orange, dry",2019-04-01,25.4,6.5,57.6,1934.0,0.0,5.3
"Babyfood, cereal, high protein, with apple and orange, prepared with whole milk",2019-04-01,6.9,3.9,13.4,581.0,0.0,74.4
"Babyfood, cereal, mixed, dry fortified",2019-04-01,6.66,6.66,78.2,2069.0,0.0,6.7
"Babyfood, cereal, mixed, prepared with whole milk",2019-04-01,4.14,3.38,12.3,498.0,0.0,79.2
"Babyfood, cereal, mixed, with applesauce and bananas, junior, fortified",2019-04-01,0.71,0.51,18.8,434.0,0.0,79.6
"Babyfood, cereal, mixed, with applesauce and bananas, strained",2019-04-01,0.71,0.51,18.4,425.0,0.0,80.0
"Babyfood, cereal, mixed, with bananas, dry",2019-04-01,10.7,4.6,77.1,2031.0,0.0,4.5
"Babyfood, cereal, mixed, with bananas, prepared with whole milk",2019-04-01,3.82,3.46,10.0,448.0,0.0,81.8
"Babyfood, cereal, mixed, with honey, prepared with whole milk",2019-04-01,5.0,3.6,15.9,596.0,0.0,74.2
"Babyfood, cereal, oatmeal, dry fortified",2019-04-01,11.0,6.36,73.5,2044.0,0.0,4.56
"Babyfood, cereal, Oatmeal, dry, GERBER, SINGLE GRAIN, fortified",2019-04-01,10.9,6.42,73.6,2056.0,0.0,4.21
"Babyfood, cereal, oatmeal, prepared with whole milk",2019-04-01,5.0,4.1,15.3,601.0,0.0,74.5
"Babyfood, cereal, oatmeal, with applesauce and bananas, junior, fortified",2019-04-01,0.89,0.89,16.0,395.0,0.0,81.8
"Babyfood, cereal, oatmeal, with applesauce and bananas, strained",2019-04-01,0.89,0.89,15.6,387.0,0.0,82.2
"Babyfood, cereal, oatmeal, with bananas, dry",2019-04-01,6.67,6.67,78.1,2069.0,0.0,4.7
"Babyfood, cereal, oatmeal, with bananas, prepared with whole milk",2019-04-01,3.82,3.46,10.0,448.0,0.0,81.8
"Babyfood, cereal, oatmeal, with honey, dry",2019-04-01,13.5,7.0,69.3,2031.0,0.0,5.8
"Babyfood, cereal, oatmeal, with honey, prepared with whole milk",2019-04-01,5.0,3.9,15.3,596.0,0.0,74.5
"Babyfood, cereal, rice with pears and apple, dry, instant fortified",2019-04-01,6.6,0.9,88.5,2019.0,0.0,2.0
"Babyfood, cereal, rice, dry fortified",2019-04-01,6.65,2.19,83.1,2020.0,0.0,5.13
"Babyfood, cereal, rice, prepared with whole milk",2019-04-01,3.45,3.38,10.3,442.0,0.0,82.0
"Babyfood, cereal, rice, with applesauce and bananas, strained",2019-04-01,1.2,0.4,17.1,414.0,0.0,81.0
"Babyfood, cereal, rice, with bananas, dry",2019-04-01,8.7,4.2,79.9,2094.0,0.0,4.7
"Babyfood, cereal, rice, with bananas, prepared with whole milk",2019-04-01,3.57,3.32,10.5,446.0,0.0,81.8
"Babyfood, cereal, rice, with honey, prepared with whole milk",2019-04-01,3.9,3.3,17.1,596.0,0.0,74.4
"Babyfood, cereal, whole wheat, with apples, dry fortified",2019-04-01,6.6,4.8,83.2,2082.0,0.0,1.7
"Babyfood, cereal, with egg yolks, junior",2019-04-01,1.9,1.8,7.1,270.0,0.0,88.7
"Babyfood, cereal, with egg yolks, strained",2019-04-01,1.9,1.8,7.0,264.0,0.0,88.8
"Babyfood, cereal, with eggs, strained",2019-04-01,2.2,1.5,8.0,301.0,0.0,87.2
"Babyfood, cherry cobbler, junior",2019-04-01,0.3,0.1,19.2,404.0,0.0,79.8
"Babyfood, cookie, baby, fruit",2019-04-01,6.8,12.6,73.7,2255.0,0.0,5.7
"Babyfood, cookies",2019-04-01,11.8,13.2,67.1,2243.0,0.0,5.9
"Babyfood, cookies, arrowroot",2019-04-01,7.6,10.0,75.4,2194.0,0.0,5.6
"Babyfood, corn and sweet potatoes, strained",2019-04-01,1.26,0.28,15.2,355.0,0.0,82.6
"Babyfood, crackers, vegetable",2019-04-01,8.4,19.6,66.8,2477.0,0.0,2.0
"Babyfood, dessert, banana pudding, strained",2019-04-01,1.0,0.8,14.1,352.0,0.0,83.5
"Babyfood, dessert, banana yogurt, strained",2019-04-01,1.1,0.52,17.4,406.0,0.0,80.7
"Babyfood, dessert, blueberry yogurt, strained",2019-04-01,0.5,0.7,17.0,397.0,0.0,81.4
"Babyfood, dessert, cherry vanilla pudding, junior",2019-04-01,0.2,0.2,18.4,358.0,0.0,81.0
"Babyfood, dessert, cherry vanilla pudding, strained",2019-04-01,0.2,0.3,17.8,353.0,0.0,81.5
"Babyfood, dessert, custard pudding, vanilla, junior",2019-04-01,1.76,0.98,17.6,446.0,0.0,79.3
"Babyfood, dessert, custard pudding, vanilla, strained",2019-04-01,1.6,2.0,16.0,441.0,0.0,79.9
"Babyfood, dessert, dutch apple, junior",2019-04-01,0.2,0.16,19.2,409.0,0.0,80.3
"Babyfood, dessert, dutch apple, strained",2019-04-01,0.2,0.4,19.7,389.0,0.0,79.5
"Babyfood, dessert, fruit dessert, without ascorbic acid, junior",2019-04-01,0.3,0.0,17.2,327.0,0.0,82.2
"Babyfood, dessert, fruit dessert, without ascorbic acid, strained",2019-04-01,0.3,0.0,16.0,306.0,0.0,83.4
"Babyfood, dessert, fruit pudding, orange, strained",2019-04-01,1.1,0.9,17.7,415.0,0.0,79.8
"Babyfood, dessert, fruit pudding, pineapple, strained",2019-04-01,1.3,0.3,20.3,420.0,0.0,77.6
"Babyfood, dessert, peach cobbler, junior",2019-04-01,0.3,0.0,18.3,347.0,0.0,81.2
"Babyfood, dessert, peach cobbler, strained",2019-04-01,0.3,0.0,17.8,337.0,0.0,81.8
"Babyfood, dessert, peach melba, junior",2019-04-01,0.3,0.0,16.4,311.0,0.0,83.0
"Babyfood, dessert, peach melba, strained",2019-04-01,0.2,0.0,16.5,311.0,0.0,82.9
"Babyfood, dessert, peach yogurt",2019-04-01,0.9,0.18,17.6,401.0,0.0,80.9
"Babyfood, dessert, tropical fruit, junior",2019-04-01,0.2,0.0,16.4,311.0,0.0,83.2
"Babyfood, dinner, apples and chicken, strained",2019-04-01,2.16,1.38,10.9,337.0,0.0,85.4
"Babyfood, dinner, beef and rice, toddler",2019-04-01,5.0,2.9,8.8,425.0,0.0,81.9
"Babyfood, dinner, beef lasagna, toddler",2019-04-01,4.2,2.1,10.0,399.0,0.0,82.3
"Babyfood, dinner, beef noodle, junior",2019-04-01,2.5,1.9,7.3,296.0,0.0,87.8
"Babyfood, dinner, beef noodle, strained",2019-04-01,2.44,2.26,8.18,327.0,0.0,86.8
"Babyfood, dinner, beef with vegetables",2019-04-01,2.03,6.93,6.36,498.0,0.0,84.3
"Babyfood, dinner, broccoli and chicken, junior",2019-04-01,3.59,2.48,6.34,321.0,0.0,86.9
"Babyfood, dinner, chicken and rice",2019-04-01,1.6,0.9,9.2,266.0,0.0,88.0
"Babyfood, dinner, chicken noodle, junior",2019-04-01,3.53,3.23,7.8,385.0,0.0,85.0
"Babyfood, dinner, chicken noodle, strained",2019-04-01,3.53,3.22,7.81,385.0,0.0,85.0
"Babyfood, dinner, chicken soup, strained",2019-04-01,1.6,1.7,7.2,259.0,0.0,89.1
"Babyfood, dinner, chicken stew, toddler",2019-04-01,5.2,3.7,6.4,404.0,0.0,83.3
"Babyfood, dinner, macaroni and cheese, junior",2019-04-01,2.6,2.0,8.2,316.0,0.0,86.5
"Babyfood, dinner, macaroni and cheese, strained",2019-04-01,3.14,2.11,8.95,347.0,0.0,85.2
"Babyfood, dinner, macaroni and tomato and beef, junior",2019-04-01,2.5,1.1,9.4,306.0,0.0,86.7
"Babyfood, dinner, macaroni and tomato and beef, strained",2019-04-01,2.36,1.47,9.45,316.0,0.0,86.3
"Babyfood, dinner, macaroni, beef and tomato sauce, toddler",2019-04-01,4.34,1.9,11.5,425.0,0.0,81.8
"Babyfood, dinner, mixed vegetable, junior",2019-04-01,1.01,0.11,7.88,176.0,0.0,90.6
"Babyfood, dinner, mixed vegetable, strained",2019-04-01,1.2,0.1,9.5,213.0,0.0,88.7
"Babyfood, dinner, pasta with vegetables",2019-04-01,1.7,2.1,8.4,311.0,0.0,87.3
"Babyfood, dinner, spaghetti and tomato and meat, junior",2019-04-01,2.57,1.37,11.4,353.0,0.0,84.2
"Babyfood, dinner, spaghetti and tomato and meat, toddler",2019-04-01,5.3,1.0,10.8,389.0,0.0,81.6
"Babyfood, dinner, sweet potatoes and chicken, strained",2019-04-01,2.51,2.17,11.0,384.0,0.0,83.7
"Babyfood, dinner, turkey and rice, junior",2019-04-01,2.37,0.92,9.57,290.0,0.0,86.6
"Babyfood, dinner, turkey and rice, strained",2019-04-01,2.27,1.24,7.94,270.0,0.0,88.2
"Babyfood, dinner, turkey, rice, and vegetables, toddler",2019-04-01,3.8,1.6,7.5,309.0,0.0,86.3
"Babyfood, dinner, vegetables and beef, junior",2019-04-01,2.21,3.6,8.84,398.0,0.0,84.9
"Babyfood, dinner, vegetables and beef, strained",2019-04-01,2.21,3.6,8.84,398.0,0.0,84.9
"Babyfood, dinner, vegetables and chicken, junior",2019-04-01,2.04,1.12,8.66,275.0,0.0,87.8
"Babyfood, dinner, vegetables and dumplings and beef, junior",2019-04-01,2.1,0.8,8.0,249.0,0.0,88.6
"Babyfood, dinner, vegetables and dumplings and beef, strained",2019-04-01,2.0,0.9,7.7,249.0,0.0,88.9
"Babyfood, dinner, vegetables and lamb, junior",2019-04-01,2.1,1.7,7.1,264.0,0.0,88.6
"Babyfood, dinner, vegetables and noodles and turkey, junior",2019-04-01,1.8,1.5,7.6,270.0,0.0,88.7
"Babyfood, dinner, vegetables and noodles and turkey, strained",2019-04-01,1.2,1.2,6.8,228.0,0.0,90.3
"Babyfood, dinner, vegetables and turkey, junior",2019-04-01,1.72,1.74,7.55,275.0,0.0,88.5
"Babyfood, dinner, vegetables and turkey, strained",2019-04-01,2.32,0.9,7.62,249.0,0.0,88.8
"Babyfood, dinner, vegetables chicken, strained",2019-04-01,2.47,1.73,8.42,306.0,0.0,86.9
"Babyfood, dinner, vegetables, noodles and chicken, junior",2019-04-01,1.7,2.2,9.1,332.0,0.0,86.2
"Babyfood, dinner, vegetables, noodles and chicken, strained",2019-04-01,2.0,2.5,7.9,327.0,0.0,87.2
"Babyfood, finger snacks, GERBER, GRADUATES, PUFFS, apple and cinnamon",2019-04-01,6.19,2.3,85.8,1784.0,0.0,3.62
"Babyfood, fortified cereal bar, fruit filling",2019-04-01,5.43,5.3,68.6,1784.0,0.0,14.0
"Babyfood, fruit and vegetable, apple and sweet potato",2019-04-01,0.3,0.22,15.3,333.0,0.0,84.0
"Babyfood, fruit dessert, mango with tapioca",2019-04-01,0.3,0.2,19.0,363.0,0.0,80.0
"Babyfood, fruit supreme dessert",2019-04-01,0.5,0.2,17.2,376.0,0.0,81.6
"Babyfood, fruit, apple and blueberry, junior",2019-04-01,0.2,0.2,16.6,321.0,0.0,82.8
"Babyfood, fruit, apple and blueberry, strained",2019-04-01,0.2,0.2,16.3,316.0,0.0,83.1
"Babyfood, fruit, apple and raspberry, junior",2019-04-01,0.2,0.2,15.4,300.0,0.0,84.0
"Babyfood, fruit, apple and raspberry, strained",2019-04-01,0.2,0.2,15.6,301.0,0.0,83.8
"Babyfood, fruit, applesauce and apricots, junior",2019-04-01,0.2,0.2,12.4,244.0,0.0,86.9
"Babyfood, fruit, applesauce and apricots, strained",2019-04-01,0.2,0.2,11.6,229.0,0.0,87.7
"Babyfood, fruit, applesauce and cherries, junior",2019-04-01,0.0,0.0,14.1,263.0,0.0,85.6
"Babyfood, fruit, applesauce and cherries, strained",2019-04-01,0.0,0.0,14.1,264.0,0.0,85.6
"Babyfood, fruit, applesauce and pineapple, junior",2019-04-01,0.1,0.1,10.5,202.0,0.0,89.1
"Babyfood, fruit, applesauce and pineapple, strained",2019-04-01,0.1,0.1,10.1,192.0,0.0,89.5
"Babyfood, fruit, applesauce with banana, junior",2019-04-01,0.37,0.1,16.2,342.0,0.0,83.1
"Babyfood, fruit, applesauce, junior",2019-04-01,0.0,0.0,10.3,192.0,0.0,89.5
"Babyfood, fruit, applesauce, strained",2019-04-01,0.2,0.2,10.8,213.0,0.0,88.6
"Babyfood, fruit, apricot with tapioca, junior",2019-04-01,0.3,0.0,17.3,327.0,0.0,82.1
"Babyfood, fruit, apricot with tapioca, strained",2019-04-01,0.3,0.0,16.3,310.0,0.0,83.1
"Babyfood, fruit, banana and strawberry, junior",2019-04-01,0.71,0.37,25.8,566.0,0.0,72.2
"Babyfood, fruit, bananas and pineapple with tapioca, junior",2019-04-01,0.2,0.1,18.4,353.0,0.0,81.1
"Babyfood, fruit, bananas and pineapple with tapioca, strained",2019-04-01,0.2,0.0,17.8,337.0,0.0,81.7
"Babyfood, fruit, bananas with apples and pears, strained",2019-04-01,0.9,0.22,19.3,430.0,0.0,79.0
"Babyfood, fruit, bananas with tapioca, junior",2019-04-01,0.4,0.2,17.8,347.0,0.0,81.5
"Babyfood, fruit, bananas with tapioca, strained",2019-04-01,0.4,0.1,15.3,292.0,0.0,84.0
"Babyfood, fruit, guava and papaya with tapioca, strained",2019-04-01,0.2,0.1,17.0,327.0,0.0,82.5
"Babyfood, fruit, papaya and applesauce with tapioca, strained",2019-04-01,0.2,0.1,18.9,363.0,0.0,80.6
"Babyfood, fruit, peaches, junior",2019-04-01,0.94,0.33,14.5,336.0,0.0,83.6
"Babyfood, fruit, peaches, strained",2019-04-01,0.94,0.33,14.5,336.0,0.0,83.6
"Babyfood, fruit, pears and pineapple, junior",2019-04-01,0.3,0.2,11.4,228.0,0.0,87.8
"Babyfood, fruit, pears and pineapple, strained",2019-04-01,0.3,0.1,10.9,213.0,0.0,88.5
"Babyfood, fruit, pears, junior",2019-04-01,0.3,0.1,11.6,226.0,0.0,87.8
"Babyfood, fruit, pears, strained",2019-04-01,0.3,0.2,10.8,216.0,0.0,88.4
"Babyfood, fruit, plums with tapioca, without ascorbic acid, junior",2019-04-01,0.1,0.0,20.5,384.0,0.0,79.2
"Babyfood, fruit, plums with tapioca, without ascorbic acid, strained",2019-04-01,0.1,0.0,19.7,368.0,0.0,80.0
"Babyfood, fruit, prunes with tapioca, without ascorbic acid, junior",2019-04-01,0.6,0.1,18.7,363.0,0.0,80.1
"Babyfood, fruit, prunes with tapioca, without ascorbic acid, strained",2019-04-01,0.6,0.1,18.5,360.0,0.0,80.3
"Babyfood, fruit, tutti frutti, junior",2019-04-01,0.4,0.4,16.0,359.0,0.0,82.9
"Babyfood, fruit, tutti frutti, strained",2019-04-01,0.4,0.3,15.5,343.0,0.0,83.5
"Babyfood, GERBER, 2nd Foods, apple, carrot and squash, organic",2019-04-01,1.1,0.0,14.8,330.0,0.0,83.8
"Babyfood, GERBER, 3rd Foods, apple, mango and kiwi",2019-04-01,0.47,0.0,12.9,249.0,0.0,86.3
"Babyfood, GERBER, Banana with orange medley",2019-04-01,1.06,0.0,20.4,356.0,0.0,77.9
"Babyfood, GERBER, GRADUATES Lil Biscuits Vanilla Wheat",2019-04-01,7.97,9.27,72.5,2107.0,0.0,5.83
"Babyfood, grape juice, no sugar, canned",2019-04-01,0.0,0.0,15.4,319.0,0.0,84.4
"Babyfood, green beans and turkey, strained",2019-04-01,4.1,1.5,5.35,266.0,0.0,87.5
"Babyfood, green beans, dices, toddler",2019-04-01,1.2,0.2,5.7,152.0,0.0,92.6
"Babyfood, juice treats, fruit medley, toddler",2019-04-01,0.0,0.02,86.7,1797.0,0.0,12.9
"Babyfood, juice, apple",2019-04-01,0.0,0.1,11.7,244.0,0.0,88.0
"Babyfood, juice, apple - cherry",2019-04-01,0.2,0.1,11.2,244.0,0.0,88.2
"Babyfood, juice, apple and grape",2019-04-01,0.1,0.2,11.3,240.0,0.0,88.1
"Babyfood, juice, apple and peach",2019-04-01,0.2,0.1,10.5,222.0,0.0,89.0
"Babyfood, juice, apple and prune",2019-04-01,0.2,0.1,18.1,375.0,0.0,81.3
"Babyfood, juice, apple, with calcium",2019-04-01,0.06,0.1,11.1,237.0,0.0,88.3
"Babyfood, juice, apple-sweet potato",2019-04-01,0.3,0.1,11.4,242.0,0.0,87.9
"Babyfood, juice, fruit punch, with calcium",2019-04-01,0.2,0.1,12.7,270.0,0.0,86.5
"Babyfood, juice, mixed fruit",2019-04-01,0.1,0.1,11.7,244.0,0.0,87.9
"Babyfood, juice, orange",2019-04-01,0.6,0.3,10.2,231.0,0.0,88.5
"Babyfood, juice, orange and apple",2019-04-01,0.4,0.2,10.1,223.0,0.0,88.9
"Babyfood, juice, orange and apple and banana",2019-04-01,0.4,0.1,11.5,244.0,0.0,87.6
"Babyfood, juice, orange and apricot",2019-04-01,0.8,0.1,10.9,238.0,0.0,87.8
"Babyfood, juice, orange and banana",2019-04-01,0.7,0.1,11.9,259.0,0.0,86.9
"Babyfood, juice, orange and pineapple",2019-04-01,0.5,0.1,11.7,249.0,0.0,87.3
"Babyfood, juice, orange-carrot",2019-04-01,0.5,0.1,9.9,223.0,0.0,89.1
"Babyfood, juice, pear",2019-04-01,0.0,0.0,11.9,222.0,0.0,87.9
"Babyfood, juice, prune and orange",2019-04-01,0.6,0.3,16.8,363.0,0.0,81.9
"Babyfood, macaroni and cheese, toddler",2019-04-01,3.5,2.6,11.2,426.0,0.0,81.7
"Babyfood, mashed cheddar potatoes and broccoli, toddlers",2019-04-01,1.11,1.47,7.47,250.0,0.0,89.0
"Babyfood, meat, beef with vegetables, toddler",2019-04-01,3.5,2.1,8.72,357.0,0.0,85.2
"Babyfood, meat, beef, junior",2019-04-01,12.0,2.52,2.43,418.0,0.0,82.4
"Babyfood, meat, beef, strained",2019-04-01,12.0,2.52,2.43,418.0,0.0,82.4
"Babyfood, meat, chicken sticks, junior",2019-04-01,14.6,14.4,1.5,975.0,0.0,68.3
"Babyfood, meat, chicken, junior",2019-04-01,14.0,9.6,0.0,758.0,0.0,76.0
"Babyfood, meat, chicken, strained",2019-04-01,13.7,7.9,0.1,675.0,0.0,77.5
"Babyfood, meat, ham, junior",2019-04-01,11.3,3.8,3.7,504.0,0.0,80.5
"Babyfood, meat, ham, strained",2019-04-01,11.3,3.8,3.7,504.0,0.0,80.5
"Babyfood, meat, lamb, junior",2019-04-01,15.2,5.2,0.0,580.0,0.0,79.6
"Babyfood, meat, lamb, strained",2019-04-01,14.1,3.41,0.85,488.0,0.0,81.1
"Babyfood, meat, meat sticks, junior",2019-04-01,13.4,14.6,1.1,954.0,0.0,69.5
"Babyfood, meat, pork, strained",2019-04-01,14.0,7.1,0.0,642.0,0.0,78.4
"Babyfood, meat, turkey sticks, junior",2019-04-01,13.7,14.2,1.4,975.0,0.0,69.8
"Babyfood, meat, turkey, junior",2019-04-01,11.5,6.2,1.4,574.0,0.0,80.3
"Babyfood, meat, turkey, strained",2019-04-01,11.5,6.2,1.4,574.0,0.0,80.3
"Babyfood, meat, veal, strained",2019-04-01,13.1,2.45,1.51,418.0,0.0,82.4
"Babyfood, mixed fruit juice with low fat yogurt",2019-04-01,2.4,0.8,14.7,384.0,0.0,81.5
"Babyfood, mixed fruit yogurt, strained",2019-04-01,0.8,0.8,16.2,390.0,0.0,81.8
"Babyfood, Multigrain whole grain cereal, dry fortified",2019-04-01,6.67,6.67,80.1,2107.0,0.0,4.58
"Babyfood, oatmeal cereal with fruit, dry, instant, toddler fortified",2019-04-01,10.5,7.05,74.1,2082.0,0.0,5.4
"Babyfood, peaches, dices, toddler",2019-04-01,0.5,0.2,11.8,264.0,0.0,87.4
"Babyfood, pears, dices, toddler",2019-04-01,0.3,0.1,13.6,295.0,0.0,85.6
"Babyfood, peas and brown rice",2019-04-01,3.4,0.5,11.5,332.0,0.0,84.1
"Babyfood, peas, dices, toddler",2019-04-01,3.9,0.8,10.3,332.0,0.0,84.6
"Babyfood, plums, bananas and rice, strained",2019-04-01,1.1,0.3,12.7,295.0,0.0,85.6
"Babyfood, potatoes, toddler",2019-04-01,1.0,0.1,11.7,269.0,0.0,86.8
"Babyfood, pretzels",2019-04-01,10.8,2.0,82.2,2057.0,0.0,4.0
"Babyfood, prunes, without vitamin c, strained",2019-04-01,1.0,0.2,23.5,518.0,0.0,74.3
"Babyfood, ravioli, cheese filled, with tomato sauce",2019-04-01,3.6,2.2,16.3,513.0,0.0,76.5
"Babyfood, rice and apples, dry",2019-04-01,6.7,2.4,86.9,2056.0,0.0,3.2
"Babyfood, rice cereal, dry, EARTHS BEST ORGANIC WHOLE GRAIN, fortified only with iron",2019-04-01,7.5,4.9,78.1,2006.0,0.0,8.61
"Babyfood, snack, GERBER GRADUATE FRUIT  STRIPS, Real Fruit Bars",2019-04-01,0.82,2.24,76.6,1710.0,0.0,19.1
"Babyfood, Snack, GERBER, GRADUATES, LIL CRUNCHIES, baked whole grain corn snack",2019-04-01,0.0,28.6,61.6,2613.0,0.0,2.6
"Babyfood, snack, GERBER, GRADUATES, YOGURT MELTS",2019-04-01,14.3,4.0,71.8,1970.0,0.0,6.0
"Babyfood, tropical fruit medley",2019-04-01,0.31,0.14,12.2,240.0,0.0,87.1
"Babyfood, vegetable and brown rice, strained",2019-04-01,1.9,1.5,12.1,358.0,0.0,84.1
"Babyfood, vegetable, butternut squash and corn",2019-04-01,2.0,0.6,9.26,261.0,0.0,87.3
"Babyfood, vegetable, green beans and potatoes",2019-04-01,2.2,1.9,9.0,321.0,0.0,86.2
"Babyfood, vegetables, beets, strained",2019-04-01,1.3,0.1,7.7,176.0,0.0,90.1
"Babyfood, vegetables, carrots, junior",2019-04-01,0.8,0.2,7.2,166.0,0.0,91.0
"Babyfood, vegetables, carrots, strained",2019-04-01,0.8,0.1,6.0,135.0,0.0,92.3
"Babyfood, vegetables, corn, creamed, junior",2019-04-01,1.4,0.4,16.2,337.0,0.0,81.4
"Babyfood, vegetables, corn, creamed, strained",2019-04-01,1.4,0.4,14.1,295.0,0.0,83.6
"Babyfood, vegetables, garden vegetable, strained",2019-04-01,2.3,0.2,6.8,164.0,0.0,90.0
"Babyfood, vegetables, green beans, junior",2019-04-01,1.2,0.1,5.8,126.0,0.0,92.5
"Babyfood, vegetables, green beans, strained",2019-04-01,1.2,0.17,6.29,139.0,0.0,91.8
"Babyfood, vegetables, mix vegetables junior",2019-04-01,1.4,0.4,8.2,187.0,0.0,89.4
"Babyfood, vegetables, mix vegetables strained",2019-04-01,1.0,0.5,8.25,186.0,0.0,89.8
"Babyfood, vegetables, peas, strained",2019-04-01,3.27,0.43,8.36,261.0,0.0,87.5
"Babyfood, vegetables, spinach, creamed, strained",2019-04-01,2.5,1.3,5.7,192.0,0.0,89.6
"Babyfood, vegetables, squash, junior",2019-04-01,0.81,0.2,5.73,125.0,0.0,92.7
"Babyfood, vegetables, squash, strained",2019-04-01,0.81,0.2,5.73,145.0,0.0,92.7
"Babyfood, vegetables, sweet potatoes strained",2019-04-01,1.1,0.1,13.2,295.0,0.0,84.8
"Babyfood, vegetables, sweet potatoes, junior",2019-04-01,1.1,0.1,14.0,312.0,0.0,84.1
"Babyfood, water, bottled, GERBER, without added fluoride",2019-04-01,0.0,0.0,0.0,0.0,0.0,99.9
"Babyfood, yogurt, whole milk, with fruit, multigrain cereal and added DHA fortified",2019-04-01,3.4,3.53,13.2,509.0,0.0,79.2
"Babyfood, yogurt, whole milk, with fruit, multigrain cereal and added iron fortified",2019-04-01,3.05,3.08,13.0,477.0,0.0,80.2
Bacardi cocktail,2020-10-30,0.08,0.08,16.1,123.0,8.3,75.3
Bacon and beef sticks,2019-04-01,29.1,44.2,0.8,2677.0,0.0,21.6
"Bacon and cheese sandwich, with spread",2020-10-30,13.7,17.0,26.1,314.0,0.0,38.7
Bacon and egg sandwich,2020-10-30,13.4,12.8,21.2,258.0,0.0,50.4
Bacon and tomato dressing,2020-10-30,1.8,35.0,2.0,326.0,0.0,58.7
Bacon bits,2020-10-30,32.0,25.9,28.6,476.0,0.0,8.0
"Bacon bits, meatless",2019-04-01,32.0,25.9,28.6,2466.0,0.0,8.0
Bacon on biscuit,2020-10-30,10.5,21.0,37.6,383.0,0.0,27.3
"Bacon or side pork, fresh, cooked",2020-10-30,33.9,35.1,1.7,468.0,0.0,23.6
"Bacon sandwich, with spread",2020-10-30,17.5,18.0,30.4,359.0,0.0,30.8
"Bacon soup, cream of, prepared with water",2020-10-30,1.21,2.93,3.63,46.0,0.0,91.2
"Bacon strip, meatless",2020-10-30,11.7,29.5,5.31,309.0,0.0,49.0
"Bacon, for use on a sandwich",2020-10-30,33.9,35.1,1.7,468.0,0.0,23.6
"Bacon, for use with vegetables",2020-10-30,33.9,35.1,1.7,468.0,0.0,23.6
"Bacon, lettuce, and tomato sandwich with spread",2020-10-30,7.94,10.3,21.0,209.0,0.0,58.7
"Bacon, lettuce, and tomato submarine sandwich, with spread",2020-10-30,10.1,6.41,26.7,205.0,0.0,55.0
"Bacon, lettuce, tomato, and cheese submarine sandwich, with spread",2020-10-30,11.0,13.9,15.8,233.0,0.0,56.6
"Bacon, meatless",2019-04-01,11.7,29.5,5.31,1599.0,0.0,49.0
"Bacon, NS as to type of meat, cooked",2020-10-30,33.9,35.1,1.7,468.0,0.0,23.6
"Bacon, NS as to type of meat, reduced sodium, cooked",2020-10-30,13.3,20.0,4.8,253.0,0.0,58.9
"Bacon, pre-sliced, reduced/low sodium, unprepared",2019-04-01,12.5,39.3,0.83,2107.0,0.0,45.0
"Bacon, turkey, low sodium",2019-04-01,13.3,20.0,4.8,1313.0,0.0,58.9
"Bacon, turkey, microwaved",2019-04-01,29.5,25.9,4.24,1908.0,0.0,34.5
"Bacon, turkey, unprepared",2019-04-01,15.9,16.9,1.89,1170.0,0.0,61.8
Bagel,2020-10-30,10.6,1.32,52.4,264.0,0.0,33.8
Bagel chips,2020-10-30,12.3,15.1,66.4,451.0,0.0,5.05
"Bagel, multigrain",2020-10-30,10.2,1.53,48.9,250.0,0.0,37.6
"Bagel, multigrain, with raisins",2020-10-30,9.51,1.4,51.9,255.0,0.0,35.3
"Bagel, oat bran",2020-10-30,10.2,1.53,48.9,250.0,0.0,37.6
"Bagel, pumpernickel",2020-10-30,10.2,1.53,48.9,250.0,0.0,37.6
"Bagel, wheat",2020-10-30,10.2,1.53,48.9,250.0,0.0,37.6
"Bagel, wheat bran",2020-10-30,10.2,1.53,48.9,250.0,0.0,37.6
"Bagel, wheat, with fruit and nuts",2020-10-30,9.54,2.68,50.8,261.0,0.0,35.2
"Bagel, wheat, with raisins",2020-10-30,9.51,1.4,51.9,255.0,0.0,35.3
